# BTClock Rev B — ESP32-S3-WROOM-1-N8R2, 8 MB flash (0x800000)
# Layout matches production partition_8mb.csv. Both app offsets are
# 64 KiB-aligned. LittleFS stays at 820 KiB (0xCD000) as in production.
#
# Name,   Type, SubType, Offset,   Size,     Flags
nvs,      data, nvs,     0x9000,   0x5000
otadata,  data, ota,     0xe000,   0x2000
app0,     app,  ota_0,   0x10000,  0x370000
app1,     app,  ota_1,   0x380000, 0x370000
spiffs,   data, spiffs,  0x6F0000, 0xCD000
coredump, data, coredump,0x7BD000, 0x10000
# 0x7CD000..0x800000 (~200 KiB) reserved for future growth.
